,time,tweet
0,2021-07-07T18:48:11.000Z,Supersonic shock wave
1,2021-07-07T18:46:53.000Z,https://t.co/O3BGaFuMDO
2,2021-07-07T16:58:11.000Z,High res landing Falcon landing video https://t.co/8CPuH87JYv
3,2021-07-06T22:09:32.000Z,https://t.co/TQZ9QvcwH1
4,2021-07-05T07:12:04.000Z,Free Britney
5,2021-07-04T18:06:48.000Z,Happy 4th to all!
6,2021-07-04T17:59:19.000Z,Bless America https://t.co/QNagk4PArb
7,2021-07-03T21:23:23.000Z,New SpaceX Starlink cover shows transfer orbit from Earth to Mars https://t.co/vwWeuhWCoP
8,2021-07-02T13:20:14.000Z,https://t.co/oGKHhHROQa dogecoin polytopia going up
9,2021-07-02T13:09:28.000Z,"Congrats Tesla Team on over 200,000 car built &amp; delivered in Q2, despite many challenges!!"
10,2021-07-02T09:03:21.000Z,https://t.co/g9F1p0bpr8
11,2021-07-01T18:44:25.000Z,Super Heavy on road &amp; 7th Tower segment added https://t.co/SJIHA3BLhL
12,2021-07-01T09:57:18.000Z,Super Heavy moves tomorrow https://t.co/qHG1SYO46S
13,2021-07-01T09:24:21.000Z,"Baby Doge, doo, doo, doo, doo, doo,
Baby Doge, doo, doo, doo, doo, doo,
Baby Doge, doo, doo, doo, doo, doo,
Baby Doge"
14,2021-07-01T08:43:41.000Z,Release the Doge! https://t.co/9bXCWQLIhu you come to me at runtime to tell me the code you are executing does not compile
15,2021-07-01T08:42:11.000Z,Stop gendering memes ‚Ä¶ I mean mimes
16,2021-06-30T20:11:10.000Z,"Rapidly Reusable Rockets, R R R üè¥‚Äç‚ò†Ô∏è"
17,2021-06-28T20:25:03.000Z,Thanks for all the happy birthday wishes!
18,2021-06-27T14:11:23.000Z,https://t.co/HStnXM0zmn
19,2021-06-25T22:58:58.000Z,"All 72 orbital planes activate in August, plus many other improvements, enabling global coverage, except for polar regions, which will take another 6 months"
20,2021-06-25T22:51:28.000Z,"Starlink simultaneously active users just exceeded the strategically important threshold of 69,420 last night!"
21,2021-06-25T11:03:04.000Z,My Shiba Inu will be named Floki
22,2021-06-25T10:42:24.000Z,Timing is everything https://t.co/B6HDB5kS4G
23,2021-06-25T02:11:52.000Z,‚ÄúThat‚Äôs not funny!‚Äù ‚Äì Bitcoin maxis
24,2021-06-25T02:10:31.000Z,How many Bitcoin maxis does it take to screw in a lightbulb?
25,2021-06-24T01:10:10.000Z,Shout out to the awesome Tesla global team. Thanks for working so hard to make Tesla successful!
26,2021-06-21T18:59:34.000Z,"Looking at holding Tesla AI Day in about a month or so. Will go over progress with Tesla AI software &amp; hardware, both training &amp; inference. Purpose is recruiting."
27,2021-06-20T20:19:20.000Z,Happy Father‚Äôs Day!
28,2021-06-17T18:47:05.000Z,Real pic of 2 ships next to Starbase Tiki Bar on right https://t.co/E4awziEdDQ
29,2021-06-16T22:37:20.000Z,Let‚Äôs just skip original video games &amp; movies &amp; go straight to the sequel
30,2021-06-15T08:06:24.000Z,From the top of Starbase high bay https://t.co/kRtJBrwrqW
31,2021-06-15T07:47:35.000Z,Stacking Super Heavy Aft Section https://t.co/itydacQ4hM
32,2021-06-14T08:22:48.000Z,K is Kindred
33,2021-06-14T08:21:46.000Z,Could turn out to be one big Philip K Dick joke in the end
34,2021-06-14T08:13:50.000Z,"Pluto takes 248 years to orbit the sun, but Uranus only takes 84"
35,2021-06-14T05:04:50.000Z,!! https://t.co/3H9gMEmSLF
36,2021-06-14T04:02:55.000Z,This is true https://t.co/72u3SrBf6U
37,2021-06-14T04:01:27.000Z,Our Soul Dichotomy https://t.co/D4PC5XK2VK
38,2021-06-13T06:20:10.000Z,Esoteric meme of the day https://t.co/ELGmeLEXRE
39,2021-06-11T06:40:03.000Z,Plaid release event https://t.co/TxIHXnuw9A
40,2021-06-11T04:47:43.000Z,"Most amount of fun on 4 wheels!
Pure joy on tap whenever u want."
41,2021-06-11T04:45:32.000Z,Order Tesla Model S Plaid at https://t.co/LuUhICqQEI
42,2021-06-06T20:48:20.000Z,0 to 60mph in under 2 secs. Quickest production car ever made of any kind. Has to be felt to be believed.
43,2021-06-06T20:46:19.000Z,"Plaid+ is canceled. No need, as Plaid is just so good."
44,2021-06-06T20:45:13.000Z,Model S goes to Plaid speed this week
45,2021-06-06T11:07:47.000Z,https://t.co/anHPlBpGza
46,2021-06-06T10:58:55.000Z,https://t.co/zuW2EWMH34
47,2021-06-06T08:36:37.000Z,I guess we read the instructions haha https://t.co/S3YXcUCaWN
48,2021-06-05T21:18:43.000Z,"Don‚Äôt kill what you hate,
Save what you love"
49,2021-06-05T18:55:49.000Z,"Goods &amp; services are the real economy, any form of money is simply the accounting thereof"
50,2021-06-05T08:39:49.000Z,üí¶üöÄ ‚Äì&gt; üåô
51,2021-06-04T03:25:26.000Z,"Canada
USA
Mexico"
52,2021-06-04T02:49:24.000Z,https://t.co/MLhu6oOwgc why are you crying cuz doge and bitoin price going down
53,2021-06-04T01:07:04.000Z,#Bitcoin üíî https://t.co/lNnEfMdtJf
54,2021-06-02T07:05:02.000Z,Found this pic of me as a child https://t.co/hUEKluRAdP doge i have to keep my passion hidden from the public or i will be socially ostracized 1980
55,2021-05-30T19:42:22.000Z,Ocean spaceport Deimos is under construction for launch next year https://t.co/WJQka399c7
56,2021-05-29T05:01:18.000Z,"Model S Plaid delivery pushed to June 10. Needs one more week of tweak.

This car feels like a spaceship. Words cannot describe the limbic resonance."
57,2021-05-28T04:56:24.000Z,https://t.co/0YDXE4KJlP
58,2021-05-28T03:47:51.000Z,"Ship 16 &amp; Booster 2, Starbase Highbay https://t.co/IUuidOw9ym"
59,2021-05-26T18:49:21.000Z,"If only they had spaceships, they‚Äôd still be around"
60,2021-05-26T18:47:30.000Z,Deep thots https://t.co/J5mJff7IIL
61,2021-05-24T20:29:33.000Z,"Someone suggested changing Dogecoin fees based on phases of the moon, which is pretty awesome haha"
62,2021-05-24T19:49:56.000Z,"If you‚Äôd like to help develop Doge, please submit ideas on GitHub &amp; https://t.co/liAPQMFaQB @dogecoin_devs"
63,2021-05-24T19:42:36.000Z,Spoke with North American Bitcoin miners. They committed to publish current &amp; planned renewable usage &amp; to ask miners WW to do so. Potentially promising.
64,2021-05-22T22:22:56.000Z,https://t.co/7afq6DIlzc stranger with a dog you can pet him if you like
65,2021-05-22T09:22:41.000Z,Any sufficiently advanced magic is indistinguishable from technology
66,2021-05-20T10:41:00.000Z,"How much is that Doge in the window? https://t.co/bxTkWOr50V doge going to hit 1 dollar, good"
67,2021-05-20T07:54:54.000Z,"Tesla Model S Plaid delivery event
June 3 at our California factory

Fastest production car ever
0 to 60mph in under 2 secs"
68,2021-05-19T15:41:10.000Z,Credit to our Master of Coin
69,2021-05-19T14:42:44.000Z,Tesla has üíé üôå
70,2021-05-18T13:43:19.000Z,"Aiming for extreme precision with next gen Model Y ‚Äì microns, not millimeters"
71,2021-05-18T11:46:18.000Z,Giga Berlin suppliers please accelerate!
72,2021-05-18T09:25:14.000Z,https://t.co/13m1KHFMjv
73,2021-05-13T23:30:52.000Z,As always https://t.co/gtFmtokzEZ doge bit dontt panic
74,2021-05-13T22:45:16.000Z,Working with Doge devs to improve system transaction efficiency. Potentially promising.
75,2021-05-13T21:11:46.000Z,"To be clear, I strongly believe in crypto, but it can‚Äôt drive a massive increase in fossil fuel use, especially coal"
76,2021-05-13T20:59:45.000Z,It is high time there was a carbon tax!
77,2021-05-13T09:54:35.000Z,Energy usage trend over past few months is insane https://t.co/E6o9s87trw https://t.co/bmv9wotwKe bitcoin electricity consumption not good
78,2021-05-12T22:06:14.000Z,"Tesla &amp; Bitcoin https://t.co/YSswJmVZhP tesla no longer accepting bitcoin, use too much energy, will not be selling bitcoin, exploring other cryptocurrency"
79,2021-05-11T08:13:35.000Z,Do you want Tesla to accept Doge?
80,2021-05-11T07:04:25.000Z,"SNL Monologue
https://t.co/b2cvFGqVFF"
81,2021-05-10T23:32:58.000Z,"Thanks again to @nbcsnl cast, writers &amp; crew! Honor &amp; pleasure to do the show with you."
82,2021-05-09T22:41:43.000Z,"SpaceX launching satellite Doge-1 to the moon next year

‚Äì Mission paid for in Doge
‚Äì 1st crypto in space
‚Äì 1st meme in space

To the mooooonnn!!

https://t.co/xXfjGZVeUW"
83,2021-05-09T13:21:16.000Z,"Wario was my fav haha üëÄ 
https://t.co/TNjn3meLVJ"
84,2021-05-08T20:39:52.000Z,"Special link to view SNL outside USA
https://t.co/egSDZ8sNFu"
85,2021-05-08T09:03:01.000Z,First time a Falcon rocket booster will reach double digits in flights https://t.co/wrojsaGExZ
86,2021-05-08T01:22:52.000Z,Cybertruck prototype in New York this weekend
87,2021-05-07T21:05:35.000Z,Guest starring ‚Ä¶ https://t.co/buM3bTOWbX doge
88,2021-05-07T20:57:52.000Z,https://t.co/DlQtmfjKqL
89,2021-05-07T04:24:20.000Z,"Cryptocurrency is promising, but please invest with caution! https://t.co/A4kplcP8Vq"
90,2021-05-06T19:26:59.000Z,Make humanity a multiplanet species!
91,2021-05-06T19:26:09.000Z,Public support for life on Mars is critical to making it happen
92,2021-05-05T22:37:20.000Z,Starship landing nominal!
93,2021-05-05T22:22:39.000Z,About to launch https://t.co/t4nki8vU4E
94,2021-05-02T03:13:36.000Z,I love Art Deco
95,2021-05-01T21:56:54.000Z,Baby Shark &amp; Shark Tank merge to form Baby Shark Tank
96,2021-05-01T21:53:38.000Z,Irony Man ‚Äì defeats villains using the power of irony
97,2021-05-01T21:49:50.000Z,Throwing out some skit ideas for SNL. What should I do?
98,2021-05-01T21:36:22.000Z,"Woke James Bond
SNL May 8"
99,2021-04-29T22:45:59.000Z,"A major part of real-world AI has to be solved to make unsupervised, generalized full self-driving work, as the entire road system is designed for biological neural nets with optical imagers"
100,2021-04-28T08:43:37.000Z,"‚ô•Ô∏è
https://t.co/juLuKlymEX"
101,2021-04-28T06:20:47.000Z,"The Dogefather
SNL May 8"
102,2021-04-27T00:15:00.000Z,"Starship SN15 static fire completed, preparing for flight later this week"
103,2021-04-25T03:20:46.000Z,Let‚Äôs find out just how live Saturday Night Live really is üòà
104,2021-04-25T03:09:25.000Z,Am hosting SNL on May 8
105,2021-04-24T09:03:34.000Z,https://t.co/l6Bc0wkWol
106,2021-04-24T08:55:19.000Z,define ‚Ä¶ beauty
107,2021-04-24T08:54:25.000Z,What does the future hodl?
108,2021-04-23T09:47:18.000Z,2 mins to launch https://t.co/q9nXKRrXpw
109,2021-04-23T08:13:41.000Z,Astronauts preparing to launch to @Space_Station https://t.co/WBkaDZexEc
110,2021-04-22T20:57:44.000Z,üåçüåéüåè Happy Earth Day üåçüåéüåè
111,2021-04-22T05:49:17.000Z,Tesla Solar + Powerwall battery enables consumers to be their own utility
112,2021-04-22T05:14:54.000Z,"Powerwall 2 peak &amp; steady power capability is better than advertised. 

Now that we have lots of operational data, Tesla can unlock higher capabilities for free via software update next month. 

Depending on production date, power increase power may be &gt;50% at 30C ambient temp."
113,2021-04-22T01:51:09.000Z,"Solar power will feed exclusively to Powerwall. Powerwall will interface only between utility meter &amp; house main breaker panel, enabling super simple install &amp; seamless whole house backup during utility dropouts."
114,2021-04-22T01:27:43.000Z,"Starting next week, Tesla Solar Panels &amp; Solar Roof will only be sold as an integrated product *with* Tesla Powerwall battery"
115,2021-04-17T22:32:03.000Z,Tesla with Autopilot engaged now approaching 10 times lower chance of accident than average vehicle https://t.co/6lGy52wVhC
116,2021-04-17T05:46:56.000Z,Dragon spacecraft &amp; Falcon 9 rocket https://t.co/A6fsNlsN9z
117,2021-04-17T04:46:34.000Z,"If we make life multiplanetary, there may come a day when some plants &amp; animals die out on Earth, but are still alive on Mars"
118,2021-04-17T01:37:48.000Z,Everything to the moon!
119,2021-04-16T22:16:48.000Z,We are honored to be part of the @NASAArtemis team
120,2021-04-16T21:55:05.000Z,üöÄüñ§üí´ NASA Rules!! üí´üñ§üöÄ https://t.co/hmeGx2peZ6
121,2021-04-16T17:01:25.000Z,üëÄ
122,2021-04-16T02:13:57.000Z,üé∏üé∏ Austin Rocks!! üé∏ üé∏
123,2021-04-16T00:50:37.000Z,Make life multiplanetary! #Mars
124,2021-04-15T04:33:18.000Z,Doge Barking at the Moon https://t.co/QFB81D7zOL
125,2021-04-15T03:47:00.000Z,Le Petit Prince
126,2021-04-15T03:42:35.000Z,"‚òæ

           üî≠ñ®Ü‚ô°"
127,2021-04-14T21:57:08.000Z,Tesla AI/Autopilot engineering is awesome! Making excellent progress solving real-world AI.
128,2021-04-11T15:48:58.000Z,Love this beautiful shot
129,2021-04-11T12:23:49.000Z,The art In Cyberpunk is incredible
130,2021-04-10T22:09:02.000Z,Blimps rock https://t.co/e8cu5FkNOI
131,2021-04-10T07:45:17.000Z,Just needs some legs
132,2021-04-10T07:45:10.000Z,The Starship launch tower that catches the giant rocket booster is basically Mechazilla
133,2021-04-10T07:29:45.000Z,But wait how is the core of the earth lit by the sun? Stop asking questions!!
134,2021-04-10T07:29:01.000Z,Kong vs Godzilla has record for most meth ever consumed in a writer‚Äôs room
135,2021-04-10T07:15:47.000Z,‚Ä¶ going to moon very soon
136,2021-04-10T06:41:45.000Z,Where is Shrek 5!? https://t.co/PqAZ5Mg8Es
137,2021-04-09T22:24:01.000Z,It‚Äôs all about the cufflinks https://t.co/elccqC0Zuf
138,2021-04-09T11:24:30.000Z,Thanks to all that helped SpaceX!
139,2021-04-09T11:21:13.000Z,Just read it. Book is accurate. https://t.co/3bI9Vw8iP1
140,2021-04-09T07:32:42.000Z,https://t.co/XeQursZpvq doge picture
141,2021-04-09T04:11:42.000Z,Soon our monkey will be on twitch &amp; discord haha
142,2021-04-09T01:48:09.000Z,A monkey is literally playing a video game telepathically using a brain chip!!
143,2021-04-09T01:41:23.000Z,"The device is implanted flush with skull &amp; charges wirelessly, so you look &amp; feel totally normal"
144,2021-04-09T00:29:40.000Z,"Later versions will be able to shunt signals from Neuralinks in brain to Neuralinks in body motor/sensory neuron clusters, thus enabling, for example, paraplegics to walk again"
145,2021-04-09T00:24:31.000Z,First @Neuralink product will enable someone with paralysis to use a smartphone with their mind faster than someone using thumbs
146,2021-04-09T00:16:21.000Z,Monkey plays Pong with his mind https://t.co/35NIFm4C7T
147,2021-04-08T09:41:16.000Z,Thanks Tesla suppliers for providing us with critical parts!
148,2021-04-07T20:02:22.000Z,"To be clear, I do support vaccines in general &amp; covid vaccines specifically. The science is unequivocal. 

In very rare cases, there is an allergic reaction, but this is easily addressed with an EpiPen."
149,2021-04-06T19:28:24.000Z,‚ÄúTanks for the memery!‚Äù ‚Äì Panzer of the Lake
150,2021-04-05T11:01:29.000Z,"The Earth is not flat, it‚Äôs a hollow globe &amp; Donkey King lives there!"
151,2021-04-05T10:28:42.000Z,"Godzilla vs Kong is so amaze much wow!
Most insane movie I‚Äôve ever seen!
Love letter to conspiracy theorists!
And yet heartwarming in the end."
152,2021-04-04T10:53:26.000Z,Urgent need to build more housing in greater Austin area!
153,2021-04-04T06:25:28.000Z,Austin++
154,2021-04-04T01:03:00.000Z,No it doesn‚Äôt hurt at all ü©∏ https://t.co/NnL6o1si0V
155,2021-04-03T04:31:41.000Z,"Me in my sick new car
(left him the money) https://t.co/EGaY1FVfHm"
156,2021-04-01T10:25:23.000Z,SpaceX is going to put a literal Dogecoin on the literal moon
157,2021-04-01T10:23:49.000Z,Nicheman ‚Äî his superpower is appealing to small audiences
158,2021-03-31T19:23:17.000Z,"Over 10,000 people are needed for Giga Texas just through 2022!
- 5 mins from airport
-15 mins from downtown
- Right on Colorado river https://t.co/w454iXedxB"
159,2021-03-30T14:44:51.000Z,Starbase will grow by several thousand people over the next year or two
160,2021-03-30T14:29:47.000Z,Probably most ‚Äúin space‚Äù you could possibly feel by being in a glass dome https://t.co/SOAIzxVGgX
161,2021-03-30T14:27:29.000Z,Am donating $20M to Cameron County schools &amp; $10M to City of Brownsville for downtown revitalization. Details to follow next week.
162,2021-03-30T14:17:29.000Z,"Please consider moving to Starbase or greater Brownsville/South Padre area in Texas &amp; encourage friends to do so! 

SpaceX‚Äôs hiring needs for engineers, technicians, builders &amp; essential support personnel of all kinds are growing rapidly."
163,2021-03-29T15:33:52.000Z,FAA inspector unable to reach Starbase in time for launch today. Postponed to no earlier than tomorrow.
164,2021-03-28T18:12:55.000Z,Possible Starship flight tomorrow afternoon
165,2021-03-28T11:10:25.000Z,Wholesome memes https://t.co/u5TkHJua8Q
166,2021-03-27T03:34:31.000Z,Check out our new crane https://t.co/PE4vL6uKcb
167,2021-03-25T10:35:03.000Z,"If there‚Äôs ever a scandal about me, *please* call it Elongate"
168,2021-03-25T10:25:26.000Z,Don‚Äôt defy DeFi
169,2021-03-25T07:48:53.000Z,Mars rover looking back https://t.co/oaFOCezRuU
170,2021-03-24T07:10:43.000Z,Pay by Bitcoin capability available outside US later this year
171,2021-03-24T07:09:34.000Z,"Tesla is using only internal &amp; open source software &amp; operates Bitcoin nodes directly.

Bitcoin paid to Tesla will be retained as Bitcoin, not converted to fiat currency."
172,2021-03-24T07:02:40.000Z,You can now buy a Tesla with Bitcoin
173,2021-03-23T01:14:58.000Z,Strongest argument against aliens https://t.co/eF2FFZpJQE
174,2021-03-20T09:21:38.000Z,Music in zero gravity https://t.co/bepfMipjrE
175,2021-03-19T02:40:07.000Z,https://t.co/Ngk8SJvDUW
176,2021-03-18T23:15:42.000Z,First Super Heavy Booster https://t.co/0K5QPsEbbt
177,2021-03-18T07:09:10.000Z,The simulation really struggled to make this look real haha https://t.co/t8zvFTRUHU
178,2021-03-18T06:38:56.000Z,"Aspirationally acerbic alliteration 
-&gt; Bullshit baffles brains"
179,2021-03-17T01:20:54.000Z,SN11 almost ready to fly https://t.co/fXmjJZOiKk
180,2021-03-16T23:41:44.000Z,"Actually, doesn‚Äôt feel quite right selling this. Will pass."
181,2021-03-15T19:52:47.000Z,"I‚Äôm selling this song about NFTs as an NFT https://t.co/B4EZLlesPx doge bitcoin hold, price go up"
182,2021-03-14T14:17:57.000Z,I love music. It makes my heart sing.
183,2021-03-14T14:10:15.000Z,"This is good
 https://t.co/8KATmh2BJx"
184,2021-03-14T14:00:29.000Z,"Play your favorite song in a Tesla &amp; turn the volume to 11

You will see. You will feel."
185,2021-03-14T13:38:38.000Z,A puckish rogue https://t.co/98q8bCT68q
186,2021-03-14T04:10:36.000Z,Falcon flies for the 9th time tonight
187,2021-03-14T03:54:54.000Z,I‚Äôm getting a Shiba Inu #resistanceisfutile
188,2021-03-14T01:59:13.000Z,"Homo sapiens techno: 
Loves raves &amp; technology"
189,2021-03-13T23:51:05.000Z,"Why are you so dogematic, they ask"
190,2021-03-13T23:46:16.000Z,"Origin of Doge Day Afternoon:
The ancient Romans sacrificed a Dogecoin at the beginning of the Doge Days to appease the rage of Sirius, believing that the star was the cause of the hot, sultry weather."
191,2021-03-13T23:40:41.000Z,Doge day afternoon
192,2021-03-13T23:32:59.000Z,Woketopia. Battle for the Moral High Ground in this new game!
193,2021-03-13T07:20:23.000Z,üé∂ This Magic Moment üé∂
194,2021-03-12T23:51:00.000Z,"FSD Beta has now been expanded to ~2000 owners &amp; we‚Äôve also revoked beta where drivers did not pay sufficient attention to the road. No accidents to date.

Next significant release will be in April. Going with pure vision ‚Äî not even using radar. This is the way to real-world AI."
195,2021-03-12T19:00:34.000Z,Both do mining &amp; use blocks &amp; chains
196,2021-03-12T18:58:22.000Z,"BTC (Bitcoin) is an anagram of
TBC(The Boring Company)
What a coincidence!"
197,2021-03-08T13:24:16.000Z,"Starbase, Texas https://t.co/mt4IpqqmjF"
198,2021-03-08T10:14:43.000Z,Carnot efficiency of the Universe?
199,2021-03-07T22:43:39.000Z,"Great band, too bad they broke up https://t.co/VQm7HhHw2M"
200,2021-03-06T22:47:09.000Z,"Availability varies by region due to regulatory approval delays and/or Tesla internal development &amp; testing. 

Note: word ‚ÄúBeta‚Äù is used to reduce complacency in usage &amp; set expectations appropriately. All software is first tested internally by Tesla simulation &amp; QA drive teams."
201,2021-03-06T22:35:23.000Z,"Due to high levels of demand for FSD Beta, adding ‚ÄúDownload Beta‚Äù button to Service section of car display in ~10 days https://t.co/D6M3ZiMarG"
202,2021-03-06T04:40:30.000Z,Doge spelled backwards is Egod
203,2021-03-06T01:57:02.000Z,"If you want the Tesla Full Self-Driving Beta downloaded to your car, let us know. Doubling beta program size now with 8.2 &amp; probably 10X size with 8.3. Still be careful, but it‚Äôs getting mature."
204,2021-03-05T22:37:43.000Z,üôÑ
205,2021-03-05T10:35:28.000Z,"SN10 is in Valhalla now
https://t.co/dHy4tDVGnI"
206,2021-03-05T10:32:09.000Z,Cybervikings of Mars
207,2021-03-04T00:35:12.000Z,Starship SN10 landed in one piece! https://t.co/lO4AF47MaN
208,2021-03-03T20:39:42.000Z,Launch abort on slightly conservative high thrust limit. Increasing thrust limit &amp; recycling propellant for another flight attempt today.
209,2021-03-03T20:10:07.000Z,5 mins to Starship test flight attempt
210,2021-03-03T11:59:08.000Z,March 3rd
211,2021-03-03T11:30:39.000Z,Starship launch tomorrow. Window opens at 9am.
212,2021-03-02T21:19:32.000Z,"From thence to Mars,
And hence the Stars."
213,2021-03-02T20:31:38.000Z,"Creating the city of Starbase, Texas"
214,2021-03-02T18:41:18.000Z,Horses are even self-driving! https://t.co/qPJrCFGs8J
215,2021-03-02T17:50:44.000Z,Scammers &amp; crypto should get a room
216,2021-03-01T22:23:50.000Z,Green eggs &amp; SPAC
217,2021-03-01T19:57:08.000Z,Doge meme shield (legendary item) https://t.co/CeomU9q84c
218,2021-03-01T19:01:34.000Z,New drug coming out called Regretamine. Pop one &amp; all regrets are gone.
219,2021-03-01T18:59:03.000Z,Always wondered where exactly your gaming character keeps all the stuff https://t.co/nNk2MeFGjf
220,2021-02-26T10:04:57.000Z,https://t.co/jJeP4pFR6m
221,2021-02-26T09:50:44.000Z,Do androids dream of electric cars?
222,2021-02-25T22:08:03.000Z,üôè https://t.co/BBwnTndvoi
223,2021-02-25T11:52:19.000Z,"Not a meta4, I mean actual books"
224,2021-02-25T11:10:19.000Z,I admit to judging books by their cover
225,2021-02-25T06:35:22.000Z,Starship to the moon https://t.co/tVMJbBk3BU
226,2021-02-25T05:15:02.000Z,"Out on launch pad, engine swap underway https://t.co/QNXGtL90WN"
227,2021-02-25T01:25:56.000Z,You might see much higher download speeds on Starlink at times. Testing system upgrades.
228,2021-02-24T13:10:13.000Z,On the actual moon
229,2021-02-24T13:00:05.000Z,Literally https://t.co/XBAUqiVsPH doge price on moon wow
230,2021-02-23T11:50:35.000Z,Excession
231,2021-02-21T23:11:50.000Z,Of spaceflight
232,2021-02-21T21:59:56.000Z,Hypernominalization
233,2021-02-21T21:27:06.000Z,Dojo 4 Doge
234,2021-02-20T23:42:57.000Z,Cryptocurrency explained https://t.co/kUXaXx8a1R
235,2021-02-20T21:06:39.000Z,Or did they say pegged to the dollar? Something like that ‚Ä¶
236,2021-02-20T20:52:56.000Z,Heard a rumor some crypto coin was pegging the dollar ü§£ü§£
237,2021-02-19T21:06:55.000Z,I just want to start a flame in your heart
238,2021-02-19T20:34:57.000Z,Just for a day
239,2021-02-17T08:55:40.000Z,.@ERCOT_ISO is not earning that R
240,2021-02-15T10:05:59.000Z,I will literally pay actual $ if they just void their accounts
241,2021-02-15T09:52:37.000Z,https://t.co/w11m1IAG0z
242,2021-02-14T23:25:16.000Z,"If major Dogecoin holders sell most of their coins, it will get my full support. Too much concentration is the only real issue imo."
243,2021-02-13T21:19:38.000Z,–±—ã–ª–æ –±—ã –±–æ–ª—å—à–æ–π —á–µ—Å—Ç—å—é –ø–æ–≥–æ–≤–æ—Ä–∏—Ç—å —Å –≤–∞–º–∏
244,2021-02-13T21:07:38.000Z,.@KremlinRussia_E would you like join me for a conversation on Clubhouse?
245,2021-02-13T14:12:41.000Z,Lil meme juice for the weekend https://t.co/e9rVtk4SEe
246,2021-02-11T20:05:55.000Z,Happy New Year of the Ox! https://t.co/9WFKMYu2oj
247,2021-02-11T09:08:33.000Z,"Frodo was the underdoge,
All thought he would fail,
Himself most of all. https://t.co/zGxJFDzzrM bitcoin is the only one coin to rule them all"
248,2021-02-10T21:15:44.000Z,The most entertaining outcome is the most likely
249,2021-02-10T19:47:18.000Z,Just agree to do Clubhouse with @kanyewest
250,2021-02-10T16:51:31.000Z,https://t.co/3rWE9uHSTS
251,2021-02-10T15:08:11.000Z,"Bought some Dogecoin for lil X, so he can be a toddler hodler"
252,2021-02-10T07:18:12.000Z,This is true power haha https://t.co/Fc9uhQSd7O chuck norris can withdraw bitcoin form mt gox
253,2021-02-09T00:08:40.000Z,XPrize team will manage the $100M carbon capture prize https://t.co/fSw5IanL0r
254,2021-02-08T06:07:04.000Z,Back to work I go ‚Ä¶
255,2021-02-08T01:13:52.000Z,"√ê is for √êogecoin! Instructional video.
https://t.co/UEEocOfcTb"
256,2021-02-08T00:09:57.000Z,The people have spoken ‚Ä¶ https://t.co/x41oVMzTGo
257,2021-02-07T22:25:14.000Z,üé∂ Who let the Doge out üé∂
258,2021-02-07T22:12:09.000Z,Hodl the rainforests!!
259,2021-02-07T07:41:23.000Z,So ‚Ä¶ it‚Äôs finally come to this ‚Ä¶ https://t.co/Gf0Rg2QOaF everyone supporting doge
260,2021-02-06T22:16:52.000Z,Lessons learned
261,2021-02-06T22:14:57.000Z,Of Earth and Mars
262,2021-02-06T22:12:57.000Z,Time to tell the story of Tesla &amp; SpaceX
263,2021-02-06T09:58:04.000Z,The Second Last Kingdom https://t.co/Je4EI88HmV
264,2021-02-06T08:32:55.000Z,"YOLT

https://t.co/cnOf9yjpF1"
265,2021-02-06T06:46:24.000Z,The great thing about restaurants is that you get to hang out with strangers! - SJM
266,2021-02-06T04:51:07.000Z,The future currency of Earth
267,2021-02-06T04:02:23.000Z,Much wow!
268,2021-02-04T10:08:21.000Z,"I am become meme,
Destroyer of shorts"
269,2021-02-04T09:34:47.000Z,Sandstorm is a masterpiece
270,2021-02-04T08:44:12.000Z,"Next time, we try pull *up* method https://t.co/J1M7WHLRDR"
271,2021-02-04T08:43:13.000Z,Low-key Loki
272,2021-02-04T08:27:10.000Z,"No highs, no lows, only Doge"
273,2021-02-04T08:17:17.000Z,No need to be a gigachad to own
274,2021-02-04T08:15:26.000Z,Dogecoin is the people‚Äôs crypto
275,2021-02-04T07:57:30.000Z,ur welcome https://t.co/e2KF57KLxb elon supporting doge
276,2021-02-04T07:35:35.000Z,Doge
277,2021-02-04T07:29:09.000Z,https://t.co/vviUzWhodT doge going to the moon
278,2021-02-04T07:09:30.000Z,This was a tough one https://t.co/beY7peFpCj
279,2021-02-02T08:45:48.000Z,Off Twitter for a while
280,2021-02-01T23:21:08.000Z,It will be filled with graffiti art
281,2021-02-01T23:17:40.000Z,Giga Berlin progress https://t.co/ekpG5qcbUi
282,2021-01-31T23:59:16.000Z,"If you‚Äôve worked on advanced wearables, phones or robots, those skills are needed @neuralink"
283,2021-01-31T23:53:27.000Z,Feels weird helping make (hopefully good version of) Cyberpunk come true
284,2021-01-31T23:51:25.000Z,"Please consider working at Neuralink!

Short-term: solve brain/spine injuries
Long-term: human/AI symbiosis 

Latter will be species-level important 

Work at either at our Bay Area or Austin locations https://t.co/LPzDrWO8h3"
285,2021-01-31T21:07:41.000Z,https://t.co/XcCoKOjYlt
286,2021-01-31T20:56:10.000Z,On Clubhouse tonight at 10pm LA time
287,2021-01-30T20:32:43.000Z,"Warm, sunny day &amp; snowy mountains https://t.co/2k8psyqU4J"
288,2021-01-30T20:24:42.000Z,What a beautiful day in LA https://t.co/EsCJTbzO9D
289,2021-01-30T09:46:56.000Z,https://t.co/pyRCFE97Xp
290,2021-01-29T20:44:02.000Z,Starship SN9 &amp; SN10 https://t.co/urtPJn7amo
291,2021-01-29T08:22:15.000Z,"In retrospect, it was inevitable"
292,2021-01-28T23:29:19.000Z,"With Cyberpunk, even the hotfixes literally have hotfixes, but ‚Ä¶ great game"
293,2021-01-28T22:47:23.000Z,https://t.co/a6kmk0PEgM
294,2021-01-28T20:39:53.000Z,"Here come the shorty apologists
Give them no respect
Get Shorty"
295,2021-01-28T20:34:26.000Z,"u can‚Äôt sell houses u don‚Äôt own
u can‚Äôt sell cars u don‚Äôt own
but 
u *can* sell stock u don‚Äôt own!?
this is bs ‚Äì shorting is a scam
legal only for vestigial reasons"
296,2021-01-28T11:54:19.000Z,The esthetics of Cyberpunk are incredible btw. The interior design isüëå.
297,2021-01-28T02:41:43.000Z,0 to 155mph trap speed in a 1/4 mile. 200mph top speed (with right tires).
298,2021-01-28T02:35:55.000Z,First production car ever to achieve 0 to 60 mph in less than 2 seconds
299,2021-01-28T02:34:17.000Z,It can play Cyberpunk
300,2021-01-28T02:33:13.000Z,Plaid Model S ships next month https://t.co/HFUPTnQiPB
301,2021-01-28T01:57:30.000Z,Even Discord has gone corpo ‚Ä¶
302,2021-01-26T22:59:59.000Z,https://t.co/F23fxQkBCE
303,2021-01-26T21:08:02.000Z,"Gamestonk!! 
https://t.co/RZtkDzAewJ"
304,2021-01-26T11:32:55.000Z,Bought a hand knit wool Marvin the Martian helm for my dog
305,2021-01-26T11:28:08.000Z,https://t.co/gpcvjIBTLM
306,2021-01-26T11:25:23.000Z,I kinda love Etsy
307,2021-01-24T19:46:26.000Z,Under Vegas in @boringcompany tunnel yesterday with my boys https://t.co/tLfOuiEdFm
308,2021-01-22T23:17:20.000Z,Launching many small satellites for a wide range of customers tomorrow. Excited about offering low-cost access to orbit for small companies! https://t.co/NrXmBML747
309,2021-01-21T23:08:47.000Z,Details next week
310,2021-01-21T23:08:35.000Z,Am donating $100M towards a prize for best carbon capture technology
311,2021-01-18T05:52:28.000Z,Battery cell production is the fundamental rate-limiter slowing down a sustainable energy future. Very important problem. https://t.co/MYOUSAC2AK
312,2021-01-15T06:44:22.000Z,"Monty Python is amazing
https://t.co/UJq94IWT88"
313,2021-01-13T21:47:02.000Z,All three static fires completed &amp; no RUDs!
314,2021-01-13T21:20:05.000Z,https://t.co/ho7yGXAS3a
315,2021-01-13T19:06:00.000Z,"Today at SpaceX is about practicing Starship engine starts. Ship is held down by massive pins while engines are fired. Two starts completed, about to try a third."
316,2021-01-13T09:25:42.000Z,Legalize comedy
317,2021-01-12T23:02:33.000Z,"Hey you ‚Ä¶
Yeah you Queen ‚Ä¶
You‚Äôre gonna make it! üíïüíï https://t.co/LrqdIrbIyd"
318,2021-01-12T11:55:35.000Z,https://t.co/TKkruvgBth https://t.co/ocy2gFRYvN
319,2021-01-12T11:24:55.000Z,Mus protec üë∂ yoda https://t.co/1dvhG0nTkU
320,2021-01-09T18:47:06.000Z,"My 14-year-old son, Saxon, said he feels like 2021 will be a good year. I agree. Let us all make it so."
321,2021-01-08T02:15:39.000Z,Launch underway https://t.co/wbk7ZZ0Fqx
322,2021-01-08T01:35:53.000Z,"Btw, critical feedback is always super appreciated, as well as ways to donate money that really make a difference (way harder than it seems)"
323,2021-01-07T18:49:47.000Z,https://t.co/2ja38Z8MRE
324,2021-01-07T12:56:10.000Z,Use Signal
325,2021-01-07T10:24:29.000Z,"As seen from an external observer, not the participants"
326,2021-01-07T10:23:50.000Z,The most entertaining outcome is the most likely
327,2021-01-07T04:06:23.000Z,This is called the domino effect https://t.co/qpbEW54RvM
328,2021-01-04T20:57:05.000Z,"Because of the large footprint, it may seem flat, but actually ranges up to 5 stories tall"
329,2021-01-04T20:26:11.000Z,Snow falling on Giga Berlin https://t.co/eTXMtYp8hG
330,2021-01-02T14:51:49.000Z,"So proud of the Tesla team for achieving this major milestone! At the start of Tesla, I thought we had (optimistically) a 10% chance of surviving at all. https://t.co/xCqTL5TGlE"
331,2020-12-31T05:47:38.000Z,Ignore the heading
332,2020-12-31T05:40:26.000Z,"Great interview with Mathias D√∂pfner
https://t.co/ewnaHc4cH0"
333,2020-12-30T09:51:07.000Z,Snake-head dog had my undivided attention until winder-head ostrich came gliding through all nonchalant https://t.co/dtPMdM3TQp
334,2020-12-30T05:33:19.000Z,"Destiny, destiny
No escaping 
that for me"
335,2020-12-29T22:16:14.000Z,All Tesla cars delivered in the final three days of the year will get three months of the Full Self-Driving option for free. Delivery &amp; docs must be fully complete by midnight Dec 31st.
336,2020-12-29T21:32:09.000Z,The Last Kingdom show is great
337,2020-12-29T20:48:04.000Z,Not everything is made of cake https://t.co/oMaCmYQAwx
338,2020-12-29T20:40:49.000Z,Such a weird game when you think about it https://t.co/5MrvVzmeKG
339,2020-12-29T20:37:54.000Z,This is not CGI https://t.co/VOivE97vPR
340,2020-12-28T19:46:18.000Z,Entertainment will be critical when cars drive themselves
341,2020-12-28T17:23:31.000Z,What should Tesla do with in-car gaming in an autonomous world?
342,2020-12-27T22:18:58.000Z,Try playing Polytopia in your Tesla! Great game. Multiplayer online version coming soon.
343,2020-12-25T20:54:29.000Z,"Change your horn sound to üêê, üêçüé∑, üí® or holiday jingles with latest Tesla software update!"
344,2020-12-25T16:47:04.000Z,Merry Christmas &amp; happy holidays! üéÅ https://t.co/uk6NSPwR9R doge
345,2020-12-24T01:12:41.000Z,12 story rocket turns off its engines &amp; does a controlled fall https://t.co/HCRgyx42rn
346,2020-12-24T00:00:41.000Z,"To Tesla owners taking delivery in the final days of year, your support is super appreciated!!"
347,2020-12-21T13:04:16.000Z,Thanks to everyone who worked so hard to make Tesla successful. My heart goes out to you.
348,2020-12-20T10:16:43.000Z,‚ô•Ô∏è i love all u crazy ppl out there ‚ô•Ô∏è
349,2020-12-20T09:44:03.000Z,"Come for the comments, 
stay for the memesüíÑ"
350,2020-12-20T09:30:04.000Z,One word: Doge
351,2020-12-20T09:24:37.000Z,Bitcoin is almost as bs as fiat money
352,2020-12-20T08:54:26.000Z,https://t.co/EbOjGshvrq bitcoin tempting buy
353,2020-12-20T08:43:06.000Z,‚ÄúLord‚Äù Edge
354,2020-12-20T08:40:34.000Z,"Just kidding, who needs a safe word anyway!?"
355,2020-12-20T08:21:25.000Z,Bitcoin is my safe word
356,2020-12-17T06:32:13.000Z,"Star Light, Star Bright https://t.co/6CeTAZSXCO"
357,2020-12-14T16:15:57.000Z,Ascent to the Heavens https://t.co/oGgsw88YRZ
358,2020-12-14T15:12:18.000Z,Hehe https://t.co/SkLMiL3OxT
359,2020-12-14T06:51:16.000Z,https://t.co/sdmXKbHdzd
360,2020-12-14T06:11:07.000Z,https://t.co/qbNT1dUsED
361,2020-12-10T00:10:39.000Z,"Thank you, South Texas for your support! This is the gateway to Mars."
362,2020-12-10T00:08:40.000Z,"Life, the Universe and Everything https://t.co/1ZCzInfc4u"
363,2020-12-09T23:08:53.000Z,"Mars, here we come!!"
364,2020-12-09T23:07:39.000Z,"Fuel header tank pressure was low during landing burn, causing touchdown velocity to be high &amp; RUD, but we got all the data we needed! Congrats SpaceX team hell yeah!!"
365,2020-12-09T23:02:34.000Z,"Successful ascent, switchover to header tanks &amp; precise flap control to landing point! https://t.co/IIraiESg5M"
366,2020-12-08T16:44:50.000Z,"‚ÄúSo long, and thanks for the orifice!‚Äù
- Alien message decrypted"
367,2020-12-07T20:13:07.000Z,Out on the pad in South Texas https://t.co/RcYOXXpTc2
368,2020-12-07T04:37:42.000Z,100
369,2020-12-06T21:30:33.000Z,"Im Gespr√§ch mit Mathias D√∂pfner 

https://t.co/bqa5pIAOnk"
370,2020-12-03T23:30:34.000Z,Watch Demolition Man
371,2020-12-03T23:19:57.000Z,Prometheus Unbound
372,2020-12-02T03:19:28.000Z,"Much of what people think of an science is actually engineering, eg no such thing as a ‚Äúrocket scientist‚Äù, only rocket engineers. Latter is who put humans on the moon."
373,2020-12-02T03:13:25.000Z,"Science is discovering the essential truths about what exists in the Universe, engineering is about creating things that never existed
https://t.co/aIEUtHoPxM"
374,2020-11-26T15:12:00.000Z,Happy Thanksgiving!
375,2020-11-25T20:38:25.000Z,.@TheBabylonBee is savage ü§£ü§£
376,2020-11-25T02:12:17.000Z,"This is a life leader launch, so more risk than normal https://t.co/EtFP9IELrf"
377,2020-11-24T23:59:27.000Z,"Good Starship SN8 static fire! Aiming for first 15km / ~50k ft altitude flight next week. Goals are to test 3 engine ascent, body flaps, transition from main to header tanks &amp; landing flip."
378,2020-11-22T03:42:11.000Z,"Tomorrow will be the 7th flight of this rocket, landing on droneship Of Course I Still Love You"
379,2020-11-21T17:34:45.000Z,Landing at Vandenberg AFB in California https://t.co/46J2GcCjP0
380,2020-11-21T16:30:40.000Z,"Well, almost anything https://t.co/FFPVDsqruC"
381,2020-11-21T14:44:07.000Z,Quite the day ahead https://t.co/apZNgmo0k7
382,2020-11-18T07:41:37.000Z,Tesla holiday software release is üî•üî•
383,2020-11-18T07:09:54.000Z,Cobra Kai is a deep cut
384,2020-11-17T22:07:17.000Z,Deus ex machine learning https://t.co/5ZSYalVczx
385,2020-11-17T19:20:28.000Z,Nullius in Verba @royalsociety
386,2020-11-16T01:09:01.000Z,‚ô•Ô∏è
387,2020-11-16T00:23:02.000Z,Launch in 5 minutes
388,2020-11-16T00:00:41.000Z,"The same propellant is used either for abort or for orbital maneuvering, as one use obviates the other"
389,2020-11-15T23:58:27.000Z,"Dragon can also hover &amp; land propulsively, but we use the parachutes for maximum safety https://t.co/Mr7VFIQwWf"
390,2020-11-15T23:55:43.000Z,"Thrusters are integrated with spacecraft, enabling abort capability all the way to abort for increased safety https://t.co/KrOHKOr6AE"
391,2020-11-15T14:13:45.000Z,Astronaut launch today! https://t.co/3FAzZGss8c
392,2020-11-15T02:52:28.000Z,Worth reading this thread if you‚Äôre curious about rona testing https://t.co/FA6kD61eBA
393,2020-11-14T20:13:06.000Z,Unless you‚Äôre on DMT
394,2020-11-14T20:11:13.000Z,"Laws of thermodynamics:
1. You can‚Äôt win
2. You can‚Äôt break even
3. You can‚Äôt stop playing"
395,2020-11-14T19:51:56.000Z,Shakes fist at entropy
396,2020-11-13T23:22:43.000Z,Case closed https://t.co/pUYiJcAdD6
397,2020-11-13T23:15:38.000Z,Soon https://t.co/mWOpR7W8kk
398,2020-11-13T21:47:44.000Z,Lab I just spoke to said cov2 PCR detection (N1 &amp; N3 genes) below 30 cycles is reliable &amp; above 40 cycles is not
399,2020-11-13T17:41:59.000Z,"Would be great to hear from people who know a lot about the PCR testing industry. What‚Äôs the approximate false positive rate, all things considered, for cov2 PCR tests?"
400,2020-11-13T16:28:32.000Z,What is the general population (no knowledge of symptoms) accuracy of a sars-cov2 PCR test &amp; is it possible to generate a false positive if you simply run enough cycles?
401,2020-11-13T06:11:57.000Z,The carousel turns ever faster
402,2020-11-13T05:47:11.000Z,"Something extremely bogus is going on. Was tested for covid four times today. Two tests came back negative, two came back positive. Same machine, same test, same nurse. Rapid antigen test from BD."
403,2020-11-12T15:34:36.000Z,4 Astronauts fly to @Space_Station on Sat night from Cape. First operational flight of Crew Dragon. https://t.co/uZCGiKciKb
404,2020-11-10T21:24:38.000Z,Such a privilege to work with people I like &amp; respect so much. I feel blessed.
405,2020-11-09T18:03:19.000Z,https://t.co/d0i2w8wNKG
406,2020-11-09T16:57:33.000Z,"Yes, you can have my damn cookie! should be a browser setting"
407,2020-11-07T18:26:27.000Z,"The Phantom of the Opera 
Is here ‚Ä¶ inside your mind"
408,2020-11-06T15:31:07.000Z,"When sending your resume, please describe a few of the hardest problems you solved &amp; exactly how you solved them"
409,2020-11-06T10:36:02.000Z,"A New Banner is needed
Neither hard left nor right"
410,2020-11-06T06:10:41.000Z,420 is ten times better than 42
411,2020-11-06T05:55:31.000Z,ü§ó
412,2020-11-05T09:31:58.000Z,Recruiting ace engineers for Giga Berlin! Will interview in person tomorrow on site. Send resume to 25Guns@Tesla.com.
413,2020-11-02T19:36:28.000Z,Several thousand more Starlink beta participation invitations going out this week
414,2020-11-02T15:39:45.000Z,Very close to actual expected flight! https://t.co/ruEdIPhTil
415,2020-11-01T21:05:06.000Z,Penguin Random House üò¥ should change the name to Random Penguinüî•
416,2020-10-29T04:45:51.000Z,"Truth be told, I‚Äôve eaten at JitB many times over the years, even the teriyaki bowl"
417,2020-10-29T04:40:07.000Z,Might buy a Jack in the Box footstool
418,2020-10-29T00:11:03.000Z,Tesla should make üî• catgirl robots?
419,2020-10-28T03:08:02.000Z,"Come here ‚Ä¶ no, come, here üëá"
420,2020-10-28T03:02:07.000Z,"Wow, this mayo sure is salty!"
421,2020-10-28T02:18:17.000Z,Jack in the Box should do double duty as a sperm donor clinic ‚Äî name is üëå
422,2020-10-24T22:46:56.000Z,Congratulations SpaceX Team! https://t.co/nO1Z98a94f
423,2020-10-22T22:00:02.000Z,Price change is pushed to Thursday next week. Applies only to US for now. One week clock will start in other countries as beta is released. FSD monthly rental will also be available sometime next year.
424,2020-10-22T06:30:28.000Z,"Now that Tesla FSD beta is out in limited release, FSD price (new or upgrade) will go up by ~$2k on Monday"
425,2020-10-21T20:13:20.000Z,"Starship nosecone, high bay &amp; tiki bar https://t.co/9qXYxMMIUj"
426,2020-10-20T22:19:31.000Z,"FSD beta rollout happening tonight. Will be extremely slow &amp; cautious, as it should."
427,2020-10-20T22:17:05.000Z,Data from 3 engine Starship static fire this morning looks good. Proceeding with nosecone mate.
428,2020-10-16T17:30:45.000Z,m√∏t√∏r tr√®nd√© https://t.co/V0yo4JKbS2
429,2020-10-14T19:01:19.000Z,"The gauntlet has been thrown down! 

The prophecy will be fulfilled. 

Model S price changes to $69,420 tonight!"
430,2020-10-14T09:28:14.000Z,9 meter or roughly 30 ft diameter
431,2020-10-14T09:24:55.000Z,Will be less roomy with 3 vacuum rocket engines added https://t.co/pKtDFdiZYC
432,2020-10-14T04:27:00.000Z,‚ÄúWhat is love? Baby don‚Äôt hurt me.‚Äù‚Äî Winston Churchill
433,2020-10-13T05:36:46.000Z,ü§ò The Illuminaughty ü§ò
434,2020-10-06T11:44:54.000Z,4th flight &amp; landing for this booster https://t.co/UOtvMkgXqH
435,2020-10-06T11:24:42.000Z,5 minutes from launch. Looks good so far. https://t.co/on2f1pY5jt
436,2020-10-05T23:42:20.000Z,"Turn volume to 11 &amp; play Powerglide in your Tesla 

https://t.co/l07Yc02P7g"
437,2020-10-05T23:22:49.000Z,"Music volume on a Tesla goes to 11, because it‚Äôs louder than 10

https://t.co/ab5hAMo3EN"
438,2020-10-05T22:38:33.000Z,Rewatched Young Frankenstein this weekend. Still awesome. Ovaltine? https://t.co/WiMdyFSuiq
439,2020-10-05T22:21:07.000Z,"Hollywood should just start with the sequel &amp; skip the original, because financials"
440,2020-10-04T14:23:38.000Z,New SpaceX droneship will be called ‚ÄúA Shortfall of Gravitas‚Äù
441,2020-10-04T14:05:42.000Z,"Nothing can escape gravity, not even black holes (and they really tried!)"
442,2020-10-04T00:12:06.000Z,"Call of Booty, great game"
443,2020-10-04T00:04:41.000Z,https://t.co/HyfszSrm6m
444,2020-09-26T23:39:31.000Z,https://t.co/r1Sox7vta8
445,2020-09-26T19:44:56.000Z,"Thanks Tesla Team for great work on deliveries! For new owners, we super appreciate accommodating us on delivery timing! Definitely one of our toughest quarters in global logistics."
446,2020-09-26T17:41:21.000Z,"First flight is to 15km or ~50,000 ft"
447,2020-09-26T17:38:09.000Z,Nosecone &amp; front flaps next week. SN9 next month.
448,2020-09-26T17:36:31.000Z,Starship SN8 with rear body flaps https://t.co/GdxMbzX0ct
449,2020-09-26T01:52:11.000Z,Centaur with a bow obviously https://t.co/cfKfkFFXp0
450,2020-09-25T07:12:20.000Z,What can‚Äôt we predict?
451,2020-09-24T16:57:39.000Z,Only thing beyond ludicrous is plaid https://t.co/rHuWk20EGG
452,2020-09-23T00:28:04.000Z,"Cybertruck, ATV, Roadster &amp; Semi
C A R S https://t.co/4Aq1A5cYkH"
453,2020-09-22T05:56:48.000Z,"The extreme difficulty of scaling production of new technology is not well understood. It‚Äôs 1000% to 10,000% harder than making a few prototypes. The machine that makes the machine is vastly harder than the machine itself."
454,2020-09-21T21:00:46.000Z,"We intend to increase, not reduce battery cell purchases from Panasonic, LG &amp; CATL (possibly other partners too). However, even with our cell suppliers going at maximum speed, we still foresee significant shortages in 2022 &amp; beyond unless we also take action ourselves."
455,2020-09-21T20:56:52.000Z,"Important note about Tesla Battery Day unveil tomorrow. This affects long-term production, especially Semi, Cybertruck &amp; Roadster, but what we announce will not reach serious high-volume production until 2022."
456,2020-09-19T17:19:33.000Z,"A prior track record of exceptional achievement in engineering *is* required, but *no* prior experience working on the brain or human physiology is required. We will teach you what‚Äôs known about the brain, which is not much tbh."
457,2020-09-19T17:08:00.000Z,"If you feel Neuralink might have incorrectly overlooked your resume or declined to  make an offer, please lmk in comment below https://t.co/G81RblBZ0Z"
458,2020-09-18T16:22:25.000Z,of course I still love you
459,2020-09-17T07:15:03.000Z,Speedrunning Factorio in real life ‚Ä¶
460,2020-09-16T20:18:25.000Z,Fallout Shelter is on your Tesla. Tap the Entertainment button.
461,2020-09-16T19:39:43.000Z,"üñ§ Fallout Radio  üñ§
https://t.co/gNo8XFjx8b"
462,2020-09-16T19:19:13.000Z,Doubles as an underground nuclear shelter üòÄüëç https://t.co/CvI0YRjObE
463,2020-09-15T21:13:39.000Z,Story of my life
464,2020-09-15T21:12:54.000Z,https://t.co/Vn0Rv0yQ5q
465,2020-09-15T20:29:38.000Z,"Tunnels under cities with self-driving electric cars will feel like warp drive

First operational tunnel under Vegas almost done

The @BoringCompany"
466,2020-09-15T20:14:00.000Z,Have you hugged a tunnel today?
467,2020-09-15T16:09:45.000Z,Embrace tunnels!
468,2020-09-12T17:40:23.000Z,"One way or another, excitement guaranteed! Support of greater Boca, Padre, Brownsville community is very much appreciated."
469,2020-09-12T17:37:36.000Z,"SN8 Starship with flaps &amp; nosecone should be done in about a week. Then static fire, checkouts, static fire, fly to 60,000 ft &amp; back."
470,2020-09-11T15:45:06.000Z,Many exciting things will be unveiled on Battery Day 9/22 ‚ö°Ô∏è
471,2020-09-10T21:49:27.000Z,Bitte arbeiten Sie bei Tesla Giga Berlin! Es wird super Spa√ü machen!! https://t.co/FcNoPr2oII
472,2020-09-09T21:09:06.000Z,Tesla Model S &amp; X have hospital-grade (HEPA) air filters. 3 &amp; Y are really good too. This has a big effect on health. https://t.co/48s5D3IfWs
473,2020-09-08T16:53:54.000Z,A la guerre comme √† la guerre
474,2020-09-07T22:46:50.000Z,"If you bombard Earth with enough photons, eventually it emits a Tesla (AK)"
475,2020-09-04T05:41:19.000Z,Model 3 rated as most reliable car https://t.co/26DAGJLTDY
476,2020-09-04T05:02:34.000Z,Turns out you can make anything fly haha https://t.co/FJdHqRdVDb
477,2020-09-03T22:25:56.000Z,"üá©üá™üñ§Giga Berlin Mannschaftüñ§üá©üá™
Vielen Dank f√ºr Ihre hervorragende Arbeit an Giga Berlin!! https://t.co/KVo5mBfnXt"
478,2020-09-03T22:04:40.000Z,Great trip to Germany. Support from government &amp; people is super appreciated!
479,2020-08-31T18:37:39.000Z,https://t.co/oVaoHsg1of
480,2020-08-30T16:00:31.000Z,Just learned that my physics prof from Penn is head of Fermilab &amp; still has some of my old homework ‚ò∫Ô∏è
481,2020-08-29T01:02:05.000Z,Conceptual telepathy
482,2020-08-28T22:32:20.000Z,Ahem ‚Ä¶ starting soon https://t.co/eCGHH5stOn
483,2020-08-28T19:37:40.000Z,"‚ÄúAll of physics is either impossible or trivial. It is impossible until you understand it, and then it becomes trivial.‚Äù E Rutherford"
484,2020-08-28T19:05:17.000Z,Neuralink product demo in 3 hours. Webcast at https://t.co/Y9wREd78oj.
485,2020-08-27T05:42:01.000Z,"The Big Bang started very, very sm≈çl https://t.co/XVvcuALZ2o https://t.co/8R92iEXVvN"
486,2020-08-27T04:37:06.000Z,Should we believe things proportionate to the evidence that they are true? (yes)
487,2020-08-27T03:39:50.000Z,Olde skoole analog synthesizer from ancient Britain https://t.co/JG0fI3ChxC
488,2020-08-26T05:39:46.000Z,Lengthy background on Neuralink by @waitbutwhy https://t.co/z2YfAupDRD
489,2020-08-26T05:35:58.000Z,"Live webcast of working @Neuralink device
Friday 3pm Pacific https://t.co/PouLbrGzFU"
490,2020-08-21T15:27:45.000Z,A metaphor for life https://t.co/CdlL4ieLju
491,2020-08-20T19:11:02.000Z,More fun games coming soon to ur Tesla https://t.co/zBdYGOuHsz
492,2020-08-20T19:09:35.000Z,https://t.co/hKpWJnXsFc strikes again!
493,2020-08-20T08:17:54.000Z,New Tesla feature coming that enables your car to play snake jazz or Polynesian elevator music through its outside speakers wherever you go
494,2020-08-20T08:13:11.000Z,https://t.co/Bki5SOOroe
495,2020-08-20T05:52:37.000Z,üêçüé∑
496,2020-08-20T05:11:06.000Z,GPT-3 sounds like Simon &amp; Garfunkel lyrics
497,2020-08-20T02:38:56.000Z,Bureaucracy is inherently kafkaesque
498,2020-08-19T19:55:21.000Z,Medical check is A-ok! https://t.co/zTRMvQ6Wvx
499,2020-08-19T19:47:48.000Z,He might run for President in 2024 https://t.co/Wo34fhKugu
500,2020-08-19T06:01:47.000Z,Elevator music is underrated
501,2020-08-18T22:17:46.000Z,"Aloha, welcome back from space üí´ https://t.co/xWPN09Wtaw"
502,2020-08-18T21:38:33.000Z,Fairing chute control &amp; ship control are closing the loop locally. Both operating on (SpaceX) autopilot.
503,2020-08-18T21:36:31.000Z,Ms Tree catches fairing in her net https://t.co/sqlJ63NetB
504,2020-08-17T23:00:50.000Z,Raptor engine just reached 330 bar chamber pressure without exploding! https://t.co/kVKRWksvaB
505,2020-08-17T04:05:05.000Z,Cybertruck option package https://t.co/6Vz4XNoHf9
506,2020-08-17T02:01:58.000Z,‚ÄúTanks 4 the memery‚Äù - panzer of the lake
507,2020-08-17T01:56:52.000Z,Some big milestones coming up https://t.co/K3v3yddg6J
508,2020-08-16T09:01:17.000Z,"Please trash me on Wikipedia, I‚Äôm begging you"
509,2020-08-16T08:57:26.000Z,History is written by the victors ‚Ä¶ except on Wikipedia haha
510,2020-08-16T08:42:01.000Z,We must pass The Great Filter
511,2020-08-16T07:38:57.000Z,Sounds right https://t.co/dm76FJq3hX
512,2020-08-16T00:18:31.000Z,A truly useful exaflop at de facto FP32
513,2020-08-15T22:11:49.000Z,https://t.co/mDoPO17YB9 https://t.co/326rkUEYW8
514,2020-08-15T19:17:50.000Z,"Our main engineering locations are Palo Alto, Austin &amp; Seattle, but working remotely is acceptable for exceptional candidates"
515,2020-08-14T22:40:49.000Z,Great mission patch design! https://t.co/p2Ic1crPef
516,2020-08-14T20:33:15.000Z,Tesla is developing a NN training computer called Dojo to process truly vast amounts of video data. It‚Äôs a beast! Please consider joining our AI or computer/chip teams if this sounds interesting.
517,2020-08-11T18:17:07.000Z,SN7 will be new alloy test tank taken to burst pressure. SN8 will have body flaps &amp; nosecone.
518,2020-08-11T18:15:25.000Z,SN 5 &amp; 6 at Starship Production Complex in Texas https://t.co/8BVRD5VdU7
519,2020-08-07T17:12:08.000Z,Good piece on Giga Berlin construction https://t.co/pA8sgEpV9Y
520,2020-08-06T22:39:35.000Z,SN5 https://t.co/GlZ28KFVHU
521,2020-08-02T22:45:07.000Z,"When space travel becomes as common as air travel, the future of civilization will be assured"
522,2020-08-02T20:27:25.000Z,Congratulations @SpaceX &amp; @NASA on completing first crewed Dragon flight!! üá∫üá∏ returned.
523,2020-08-02T18:51:04.000Z,Dragon is stable in the water
524,2020-08-02T18:37:24.000Z,Acquisition of signal expected in 5 mins
525,2020-08-02T18:31:53.000Z,4 mins to Dragon loss of signal due to atmospheric entry plasma
526,2020-08-02T18:11:01.000Z,Dragon will travel from south of New Zealand to Florida in ~37 minutes
527,2020-08-02T17:19:04.000Z,Coming in hot https://t.co/dzFr5BNBfF
528,2020-08-02T16:55:30.000Z,Astronauts land in 2 hours @NASA @SpaceX
529,2020-08-01T06:47:18.000Z,üßô‚Äç‚ôÇÔ∏è https://t.co/xxvcWMrTwS
530,2020-08-01T03:51:54.000Z,This BBC article provides a sensible summary for how it was done https://t.co/le3r20BWID
531,2020-07-31T14:54:07.000Z,"The Great Pyramid was the tallest structure made by humans for 3800 years. Three thousand, eight hundred years.  https://t.co/6DU46eMbni"
532,2020-07-31T04:17:16.000Z,Ramses II was üòé
533,2020-07-31T04:14:32.000Z,Aliens built the pyramids obv
534,2020-07-30T20:31:50.000Z,https://t.co/8lpvwbeC4R
535,2020-07-30T20:05:05.000Z,Starship SN5 just completed full duration static fire. 150m hop soon.
536,2020-07-30T19:52:29.000Z,üñ§üßõ‚Äç‚ôÄÔ∏èTotal Eclipse of the Heart üßõ‚Äç‚ôÄÔ∏èüñ§ https://t.co/n8djdlKnbE
537,2020-07-30T08:54:55.000Z,"But sometimes when we touch ‚Ä¶
https://t.co/KMassjCtIx"
538,2020-07-30T08:19:44.000Z,"Losing It
https://t.co/9HOY0ldzg4"
539,2020-07-30T07:53:58.000Z,"Sure could use a good rave
What‚Äôs your favorite techno"
540,2020-07-30T07:12:22.000Z,I ‚Ä¶ I just died in your arms tonight
541,2020-07-30T06:55:03.000Z,The rumor that Bill Gates &amp; I are lovers is completely untrue
542,2020-07-27T18:57:05.000Z,Das Kapital in a nutshell https://t.co/mG44mMkitx
543,2020-07-27T18:32:18.000Z,The left is losing the middle
544,2020-07-27T17:05:14.000Z,Hold my beer https://t.co/IK3tT1x4wP
545,2020-07-27T03:40:56.000Z,Almost a decade ago. Original Dragon in background.
546,2020-07-27T03:16:48.000Z,https://t.co/Ufay65lZJj
547,2020-07-27T02:41:32.000Z,"Great song
https://t.co/wj4YdJglSH"
548,2020-07-25T21:40:42.000Z,Cool Model 3 review by @iamjamiefoxx https://t.co/hJDD7BjkE3
549,2020-07-25T03:42:29.000Z,Pronouns suck
550,2020-07-24T22:31:07.000Z,I bet no one on üåπ Twitter even *has* a guillotine! Poseurs ‚Ä¶
551,2020-07-24T16:21:01.000Z,üåπ Twitter sucks
552,2020-07-24T15:01:39.000Z,"These are jammed to gills with special interests earmarks. If we do a stimulus at all, it should just be direct payments to consumers."
553,2020-07-24T14:53:54.000Z,"Goal of government should be to maximize the happiness of the people. Giving each person money allows them to decide what meets their needs, rather than the blunt tool of legislation, which creates self-serving special interests."
554,2020-07-24T14:50:53.000Z,"As a reminder, I‚Äôm in *favor* of universal basic income"
555,2020-07-24T14:44:46.000Z,Another government stimulus package is not in the best interests of the people imo
556,2020-07-24T14:39:07.000Z,"Tesla solar panels are $1.49/Watt 
https://t.co/5LpLhqgAzw"
557,2020-07-23T07:59:54.000Z,Impressive Tianwen-1 Mars rover mission launched by China today https://t.co/FsyA3I0HrU
558,2020-07-22T06:53:20.000Z,"You don‚Äôt have a soul, you are a soul"
559,2020-07-22T06:42:32.000Z,2 minutes later ‚Ä¶ https://t.co/o5fbBTan1S
560,2020-07-22T06:10:48.000Z,Coming soon https://t.co/6nOgLix6b5
561,2020-07-22T05:45:35.000Z,Where are the memes? Send in ‚Ä¶ the memes ‚Ä¶
562,2020-07-22T05:40:32.000Z,Nothing has gaslit more people than the movie Gaslight
563,2020-07-21T04:58:13.000Z,Das baby kann noch keinen l√∂ffel benutzen https://t.co/UETqVIA4BP
564,2020-07-20T22:19:33.000Z,Both fairing halves caught from space by @SpaceX ships!
565,2020-07-20T21:11:56.000Z,Launch in 20 mins https://t.co/1oLtPnW929
566,2020-07-19T00:11:35.000Z,This would solve a lot of brain/spine injuries &amp; is ultimately essential for AI symbiosis
567,2020-07-18T02:03:56.000Z,"Solving high-volume, high-reliability, low-cost production problems is especially valued"
568,2020-07-18T01:59:21.000Z,"If you‚Äôve solved hard problems with phones / wearables (sealing, signal processing, inductive charging, power mgmt, etc), please consider working at engineering@neuralink.com"
569,2020-07-18T00:58:55.000Z,It‚Äôs inevitable https://t.co/eBKnQm6QyF dogecoin taking over global financial system
570,2020-07-18T00:52:19.000Z,Will those who write the algorithms ever realize their negativity bias?
571,2020-07-18T00:02:23.000Z,Thanks
572,2020-07-17T23:18:15.000Z,Just stop
573,2020-07-15T05:39:52.000Z,Giga Berlin https://t.co/UXQMUVTWXf
574,2020-07-11T07:29:42.000Z,https://t.co/1MQXFAKPzf
575,2020-07-10T22:58:14.000Z,"I spoke with Korolev‚Äôs family today.
He was one of the very best.
–ö–æ—Ä–æ–ª—å–æ–≤ / –ö–æ—Ä–æ–ª—ë–≤."
576,2020-07-10T09:31:35.000Z,"Wow, IHOP &amp; GitHub are close"
577,2020-07-10T09:26:26.000Z,Best use of the term ‚ÄúFull Stack‚Äù?
578,2020-07-10T04:25:45.000Z,AI symbiosis while u wait
579,2020-07-09T07:08:51.000Z,Progress update August 28
580,2020-07-09T07:01:44.000Z,"If you can‚Äôt beat em, join em
Neuralink mission statement"
581,2020-07-05T20:33:10.000Z,Read The Story of Civilization by Will &amp; Ariel Durant
582,2020-07-05T20:04:27.000Z,"Dang, we broke the website"
583,2020-07-05T20:02:44.000Z,Only $69.420!!
584,2020-07-05T20:01:08.000Z,Limited edition short shorts now available at https://t.co/5EmNcTBvJv
585,2020-07-05T06:16:45.000Z,Beautiful fireworks in LA tonight
586,2020-07-05T03:18:16.000Z,"North American Supercharger usage is now at pre-covid high, Europe about a week behind, China &amp; Asia-Pacific in general doing great https://t.co/bRd0egaC1t"
587,2020-07-05T01:20:09.000Z,https://t.co/jAmuz6NaA4
588,2020-07-04T17:47:29.000Z,Please take a moment to report accounts clearly engaged in harassment. It is the only way to maintain public discourse.
589,2020-07-04T17:44:43.000Z,üá∫üá∏üá∫üá∏ Happy 4th of July!! üá∫üá∏üá∫üá∏
590,2020-07-04T04:46:58.000Z,Congrats Tesla Team ‚Äî U ROK!! https://t.co/lW7Ist98IY
591,2020-07-02T20:06:28.000Z,Thanks Tesla owners &amp; investors! Love you!! We will work super hard to earn your trust &amp; support. https://t.co/6mgcmlLTsA
592,2020-07-02T18:57:26.000Z,"SEC, three letter acronym, middle word is Elon‚Äôs"
593,2020-07-02T18:50:12.000Z,Will send some to the Shortseller Enrichment Commission to comfort them through these difficult times
594,2020-07-02T18:40:47.000Z,Tesla will make fabulous short shorts in radiant red satin with gold trim
595,2020-07-02T18:24:57.000Z,Who wears short shorts? ü§£ü§£
596,2020-07-01T19:30:36.000Z,"Tesla Impact Report (repost). We do everything humanly possible to source materials &amp; produce sustainable energy cars, batteries &amp; solar ethically. Suggestions for improvement are always appreciated.

https://t.co/WCemMJ44um"
597,2020-06-30T21:56:52.000Z,Your GPS just got slightly better https://t.co/XsblUsiNXU
598,2020-06-28T23:39:41.000Z,"Btw, Tesla actually receives *least* subsidies of any automaker in US. Federal tax credit applies to other automaker EVs, but no longer Tesla."
599,2020-06-28T23:35:42.000Z,Great Model Y review by @jayleno https://t.co/DzsZ7eugWp
600,2020-06-28T21:54:51.000Z,69 days after 4/20 again haha
601,2020-06-26T17:28:53.000Z,.@JeffBezos is a copy üêà haha https://t.co/plR7uupqBG
602,2020-06-26T07:35:57.000Z,"Who controls the memes,
controls the Universe"
603,2020-06-26T06:05:19.000Z,https://t.co/e9dPKVSjjl
604,2020-06-26T06:03:42.000Z,Literally
605,2020-06-26T05:57:58.000Z,Only a matter of time before someone steals a Tesla while playing GTA on a Tesla
606,2020-06-26T05:25:09.000Z,North American Supercharger usage tracking to exceed pre covid highs in 2 to 3 weeks. Lot of noise out there. This is signal. https://t.co/PCC5DlthtA
607,2020-06-25T07:43:07.000Z,Two Starship tanks in the midbay https://t.co/QJ2V882WOC
608,2020-06-25T02:57:55.000Z,Special thanks to Tesla trucking &amp; rail partners for figuratively &amp; literally going the extra mile
609,2020-06-25T02:56:12.000Z,Apologies to Tesla customers for shifting delivery dates. It‚Äôs a crazy world out there!
610,2020-06-22T03:11:02.000Z,Tentative date for Tesla Shareholder Meeting &amp; Battery Day is Sept 15. Will include tour of cell production system.
611,2020-06-22T03:05:26.000Z,Reminder that Tesla Full Self-Driving (FSD) price goes up by $1k on July 1st
612,2020-06-22T03:04:26.000Z,Enabling basic Tesla Autopilot via Tesla in-app purchase is reduced to $2k until July 1
613,2020-06-21T15:27:16.000Z,2019 seems so quaint &amp; long ago https://t.co/xfdfcbr0DS
614,2020-06-21T08:29:04.000Z,That is our purpose
615,2020-06-21T08:13:05.000Z,"Tesla Bioweapon Defense Mode
https://t.co/48s5D3ZQO0"
616,2020-06-21T08:07:42.000Z,We must pass The Great Filter
617,2020-06-21T07:03:08.000Z,Mars is my souldog
618,2020-06-21T06:19:41.000Z,"If heat death is the end of the universe, it really is all about the journey"
619,2020-06-19T17:06:03.000Z,Juneteenth is henceforth considered a US holiday at Tesla &amp; SpaceX
620,2020-06-16T19:20:04.000Z,"SpaceX is building floating, superheavy-class spaceports for Mars, moon &amp; hypersonic travel around Earth https://t.co/zLJjz43hKw"
621,2020-06-16T02:07:13.000Z,All Model S cars made since late Jan have 402 mile range. This is just making it official.
622,2020-06-15T23:53:26.000Z,Tesla Model S now first ever electric vehicle to receive EPA range rating above 400 miles! https://t.co/EOTwVfvHS5
623,2020-06-15T23:36:49.000Z,China &amp; Asia Pacific Supercharger usage above pre-covid highs. North America catching up fast. Europe slightly behind. https://t.co/Em23E2AFyO
624,2020-06-11T09:49:26.000Z,lol
625,2020-06-10T22:22:01.000Z,Catapults are a great way to get somewhere fast https://t.co/npr4bGBDYw
626,2020-06-10T19:06:53.000Z,Tesla factory workplace safety is 5% better than industry average for manufacturers &amp; improving fast https://t.co/axmInA9fZb
627,2020-06-10T18:28:56.000Z,After which they are recycled https://t.co/xuu1ohdz52
628,2020-06-10T18:26:00.000Z,Tesla batteries are lasting much longer than 200k miles / 320k km https://t.co/z882nf6yv9
629,2020-06-10T18:22:29.000Z,"Moreover, energy produced by Tesla solar deployments far exceeds energy used in our factories https://t.co/IDqf5gWeFt"
630,2020-06-10T18:21:05.000Z,"Electric cars produce *much* less CO2 than fossil fuel cars, taking both electricity emission &amp; vehicle production into acount https://t.co/tsk9TXgW67"
631,2020-06-10T18:07:52.000Z,https://t.co/QPwGa1Rk8Z
632,2020-06-10T18:07:22.000Z,"Posting Tesla Impact Report, this time with summary points &amp; charts in my reply tweets https://t.co/4lyaV7kIS4"
633,2020-06-10T14:15:45.000Z,"Wort reading the whole thing
https://t.co/4lyaV7kIS4"
